product_name,handle,product_url,base_price,main_image,collection
Alabama Linen Vertical Blind,alabama-linen-vertical-blind,https://orders.yournextblinds.com/products/alabama-linen-vertical-blind,89.66,https://cdn.shopify.com/s/files/1/0729/6847/0563/files/AlabamaLinenVerticalBlind_fc7173d4-08aa-4075-bcf7-6bc18510854a.jpg?v=1771330788,Home page; Vertical Blinds
Aqualush Beige Vertical Blind,aqualush-beige-vertical-blind,https://orders.yournextblinds.com/products/aqualush-beige-vertical-blind,98.01,https://cdn.shopify.com/s/files/1/0729/6847/0563/files/AQUALUSHBEIGE_1_1800x1800_ec5a0832-a9b3-494d-8cdb-bd501a73ed14.jpg?v=1771330800,Vertical Blinds
Aqualush Black Vertical Blind,aqualush-black-vertical-blind,https://orders.yournextblinds.com/products/aqualush-black-vertical-blind,98.01,https://cdn.shopify.com/s/files/1/0729/6847/0563/files/AqualushBlackVerticalBlind_81868bff-1893-49d6-ac1c-72fd11f59615.jpg?v=1771330813,Vertical Blinds
Aqualush Carmine Vertical Blind,aqualush-carmine-vertical-blind,https://orders.yournextblinds.com/products/aqualush-carmine-vertical-blind,98.01,https://cdn.shopify.com/s/files/1/0729/6847/0563/files/AqualushCarmineVerticalBlind_6fac90e4-3fa2-467a-8ab5-054a83e88d1f.jpg?v=1771330825,Vertical Blinds
Aqualush Cream Vertical Blind,aqualush-cream-vertical-blind,https://orders.yournextblinds.com/products/aqualush-cream-vertical-blind,98.01,https://cdn.shopify.com/s/files/1/0729/6847/0563/files/AqualushCreamVerticalBlind_ca1f011a-6284-48a3-9e8f-4417a6251660.jpg?v=1771330837,Vertical Blinds
Aqualush Navy Blue Vertical Blind,aqualush-navy-blue-vertical-blind,https://orders.yournextblinds.com/products/aqualush-navy-blue-vertical-blind,98.01,https://cdn.shopify.com/s/files/1/0729/6847/0563/files/AQUALUSHNAVYBLUE_1_1800x1800_e8c87797-1bfc-4edc-8a7e-0c7c58546168.jpg?v=1771330850,Vertical Blinds
Aqualush Red Vertical Blind,aqualush-red-vertical-blind,https://orders.yournextblinds.com/products/aqualush-red-vertical-blind,98.01,https://cdn.shopify.com/s/files/1/0729/6847/0563/files/AqualushRedVerticalBlind_c84e3e77-29a7-44e5-8e10-304e2144a047.jpg?v=1771330864,Vertical Blinds
Aqualush Sky Blue Vertical Blind,aqualush-sky-blue-vertical-blind,https://orders.yournextblinds.com/products/aqualush-sky-blue-vertical-blind,98.01,https://cdn.shopify.com/s/files/1/0729/6847/0563/files/AQUALUSHSKYBLUE_1_1800x1800_651f5e9a-6be7-4afa-bb59-916cb7290f13.jpg?v=1771330876,Vertical Blinds
Aqualush Steel Vertical Blind,aqualush-steel-vertical-blind,https://orders.yournextblinds.com/products/aqualush-steel-vertical-blind,98.01,https://cdn.shopify.com/s/files/1/0729/6847/0563/files/AqualushSteelVerticalBlind_c43393fc-8558-46db-be4f-8ebc085e6b2e.jpg?v=1771330889,Vertical Blinds
Aqualush White Vertical Blind,aqualush-white-vertical-blind,https://orders.yournextblinds.com/products/aqualush-white-vertical-blind,98.01,https://cdn.shopify.com/s/files/1/0729/6847/0563/files/AqualushWhiteVerticalBlind_3cb44eac-2a1d-463b-9e34-3b9866035682.jpg?v=1771330903,Vertical Blinds
Aqualush Wine Vertical Blind,aqualush-wine-vertical-blind,https://orders.yournextblinds.com/products/aqualush-wine-vertical-blind,98.01,https://cdn.shopify.com/s/files/1/0729/6847/0563/files/AqualushWineVerticalBlind_1d046270-d63c-4b50-bece-cfe5d1d18e54.jpg?v=1771330916,Vertical Blinds
Atlantic Cream Vertical Blind,atlantic-cream-vertical-blind,https://orders.yournextblinds.com/products/atlantic-cream-vertical-blind,89.66,https://cdn.shopify.com/s/files/1/0729/6847/0563/files/AtlanticCreamVerticalBlind_45f05a72-c9c2-43d4-8851-cd3046b9dd9a.jpg?v=1771330929,Vertical Blinds
Atlantic White Vertical Blind,atlantic-white-vertical-blind,https://orders.yournextblinds.com/products/atlantic-white-vertical-blind,89.66,https://cdn.shopify.com/s/files/1/0729/6847/0563/files/AtlanticWhiteVerticalBlind_d804b522-ebd9-496b-be0d-1d7756176601.jpg?v=1771330942,Vertical Blinds
Badar Beige Vertical Blind,badar-beige-vertical-blind,https://orders.yournextblinds.com/products/badar-beige-vertical-blind,89.66,https://cdn.shopify.com/s/files/1/0729/6847/0563/files/BADARBEIGE_1_1800x1800_8f41a7ec-fbd3-452e-9e24-55fb551d8a5b.jpg?v=1771330955,Vertical Blinds
Badar Cream Vertical Blind,badar-cream-vertical-blind,https://orders.yournextblinds.com/products/badar-cream-vertical-blind,89.66,https://cdn.shopify.com/s/files/1/0729/6847/0563/files/BadarCreamVerticalBlind_344c415b-26e8-450d-971e-e910b31e0723.jpg?v=1771330968,Vertical Blinds
Badar Snow Vertical Blind,badar-snow-vertical-blind,https://orders.yournextblinds.com/products/badar-snow-vertical-blind,89.66,https://cdn.shopify.com/s/files/1/0729/6847/0563/files/BadarSnowVerticalBlind_859e1aac-3f69-4027-9dca-0adc2d4a821d.jpg?v=1771330980,Vertical Blinds
Blackout Pitch Charcoal Grey - Day and Night Blinds,blackout-pitch-charcoal-grey-day-and-night-blinds,https://orders.yournextblinds.com/products/blackout-pitch-charcoal-grey-day-and-night-blinds,128.00,https://cdn.shopify.com/s/files/1/0729/6847/0563/files/Blackout-Pitch-Charcoal-Grey---Day-and-Night-Blinds1.jpg?v=1771330990,Day and Night Blinds
Blackout Pitch Cream - Day and Night Blinds,blackout-pitch-cream-day-and-night-blinds,https://orders.yournextblinds.com/products/blackout-pitch-cream-day-and-night-blinds,128.00,https://cdn.shopify.com/s/files/1/0729/6847/0563/files/Blackout-Pitch-Cream---Day-and-Night-Blinds1_d261d5dd-c75a-4df8-ae9c-47fe4818edc3.jpg?v=1771331001,Day and Night Blinds
Blackout Pitch Grey - Day and Night Blinds,blackout-pitch-grey-day-and-night-blinds,https://orders.yournextblinds.com/products/blackout-pitch-grey-day-and-night-blinds,128.00,https://cdn.shopify.com/s/files/1/0729/6847/0563/files/Blackout-Pitch-Grey---Day-and-Night-Blinds1.jpg?v=1771331011,Day and Night Blinds
Blackout Pitch Silver - Day and Night Blinds,blackout-pitch-silver-day-and-night-blinds,https://orders.yournextblinds.com/products/blackout-pitch-silver-day-and-night-blinds,128.00,https://cdn.shopify.com/s/files/1/0729/6847/0563/files/Blackout-Pitch-Silver---Day-and-Night-Blinds1.jpg?v=1771331020,Day and Night Blinds
Cairo Blackout Beige Roller Blind,cairo-blackout-beige-roller-blind,https://orders.yournextblinds.com/products/cairo-blackout-beige-roller-blind,47.71,https://cdn.shopify.com/s/files/1/0729/6847/0563/files/CairoBlackoutBeigeRollerBlind_2_55129d1b-6417-4a42-9772-c98b415839bd.png?v=1771331031,Roller Blinds
Cairo Blackout Beige Vertical Blind,cairo-blackout-beige-vertical-blind,https://orders.yournextblinds.com/products/cairo-blackout-beige-vertical-blind,98.01,https://cdn.shopify.com/s/files/1/0729/6847/0563/files/CAIROBEIGE_1_1800x1800_e2af199b-407e-4da4-abfb-a90206f1a8b4.jpg?v=1771331046,Vertical Blinds
Cairo Blackout Black Vertical Blind,cairo-blackout-black-vertical-blind,https://orders.yournextblinds.com/products/cairo-blackout-black-vertical-blind,98.01,https://cdn.shopify.com/s/files/1/0729/6847/0563/files/CAIROBLACK_1_1800x1800_a8bd9b6c-bbf8-4879-8263-ee432ce9727e.jpg?v=1771331060,Vertical Blinds
Cairo Blackout Blue Vertical Blind,cairo-blackout-blue-vertical-blind,https://orders.yournextblinds.com/products/cairo-blackout-blue-vertical-blind,98.01,https://cdn.shopify.com/s/files/1/0729/6847/0563/files/CAIROBLUE_1_1800x1800_a90eaae3-9f85-4159-9599-ddaa68fc070a.jpg?v=1771331073,Vertical Blinds
Cairo Blackout Brown Vertical Blind,cairo-blackout-brown-vertical-blind,https://orders.yournextblinds.com/products/cairo-blackout-brown-vertical-blind,98.01,https://cdn.shopify.com/s/files/1/0729/6847/0563/files/CairoBlackoutBrownVerticalBlind_037fb6a7-66ff-498e-974d-284222557884.jpg?v=1771331086,Vertical Blinds
Cairo Blackout Burgundy Vertical Blind,cairo-blackout-burgundy-vertical-blind,https://orders.yournextblinds.com/products/cairo-blackout-burgundy-vertical-blind,98.01,https://cdn.shopify.com/s/files/1/0729/6847/0563/files/CairoBlackoutBurgundyVerticalBlind_1800x1800_c13901eb-c396-436f-8381-dee1ab4272e4.jpg?v=1771331099,Vertical Blinds
Cairo Blackout Chocolate Vertical Blind,cairo-blackout-chocolate-vertical-blind,https://orders.yournextblinds.com/products/cairo-blackout-chocolate-vertical-blind,98.01,https://cdn.shopify.com/s/files/1/0729/6847/0563/files/CairoBlackoutChocolateVerticalBlind_225bbb57-0f26-4059-8768-80a7bd0c080b.jpg?v=1771331112,Vertical Blinds
Cairo Blackout Cream Vertical Blind,cairo-blackout-cream-vertical-blind,https://orders.yournextblinds.com/products/cairo-blackout-cream-vertical-blind,98.01,https://cdn.shopify.com/s/files/1/0729/6847/0563/files/CairoBlackoutCreamVerticalBlind_98d27aed-eb64-42d9-93fd-38a287dda99a.jpg?v=1771331125,Vertical Blinds
Cairo Blackout Dusk Vertical Blind,cairo-blackout-dusk-vertical-blind,https://orders.yournextblinds.com/products/cairo-blackout-dusk-vertical-blind,98.01,https://cdn.shopify.com/s/files/1/0729/6847/0563/files/CAIRODUSK_1_1800x1800_3e0f69a4-92d3-473e-99ea-1607054c58c8.jpg?v=1771331139,Vertical Blinds
Cairo Blackout Green Vertical Blind,cairo-blackout-green-vertical-blind,https://orders.yournextblinds.com/products/cairo-blackout-green-vertical-blind,98.01,https://cdn.shopify.com/s/files/1/0729/6847/0563/files/CairoBlackoutGreenVerticalBlind_7a5ab55b-919b-46ce-a4ec-3b75d6bb0f63.jpg?v=1771331151,Vertical Blinds
Cairo Blackout Grey Vertical Blind,cairo-blackout-grey-vertical-blind,https://orders.yournextblinds.com/products/cairo-blackout-grey-vertical-blind,98.01,https://cdn.shopify.com/s/files/1/0729/6847/0563/files/CairoBlackoutGreyVerticalBlind_e0ae8970-eb40-41d6-8d2b-7dbfa46c5e7e.jpg?v=1771331165,Vertical Blinds
Cairo Blackout Mustard Vertical Blind,cairo-blackout-mustard-vertical-blind,https://orders.yournextblinds.com/products/cairo-blackout-mustard-vertical-blind,98.01,https://cdn.shopify.com/s/files/1/0729/6847/0563/files/CairoBlackoutMustardVerticalBlind_6781cea3-19b4-45e1-851d-e76061837c39.jpg?v=1771331178,Vertical Blinds
Cairo Blackout Orange Vertical Blind,cairo-blackout-orange-vertical-blind,https://orders.yournextblinds.com/products/cairo-blackout-orange-vertical-blind,98.01,https://cdn.shopify.com/s/files/1/0729/6847/0563/files/CairoBlackoutOrangeVerticalBlind_5b24ffec-0f2f-42d9-bc2b-f8309e622355.jpg?v=1771331189,Vertical Blinds
Cairo Blackout Pink Vertical Blind,cairo-blackout-pink-vertical-blind,https://orders.yournextblinds.com/products/cairo-blackout-pink-vertical-blind,98.01,https://cdn.shopify.com/s/files/1/0729/6847/0563/files/CairoBlackoutPinkVerticalBlind_ae8f9252-a3a9-45bb-ac00-ad8675400967.jpg?v=1771331201,Vertical Blinds
Cairo Blackout Purple Vertical Blind,cairo-blackout-purple-vertical-blind,https://orders.yournextblinds.com/products/cairo-blackout-purple-vertical-blind,98.01,https://cdn.shopify.com/s/files/1/0729/6847/0563/files/CairoBlackoutPurpleVerticalBlind_fc5a9a53-b956-4a8c-8da1-e298a5ac9608.jpg?v=1771331214,Vertical Blinds
Cairo Blackout Rasberry Vertical Blind,cairo-blackout-rasberry-vertical-blind,https://orders.yournextblinds.com/products/cairo-blackout-rasberry-vertical-blind,98.01,https://cdn.shopify.com/s/files/1/0729/6847/0563/files/CairoBlackoutRasberryVerticalBlind_ca556253-cea5-4f77-a421-fca470a22717.jpg?v=1771331227,Vertical Blinds
Cairo Blackout Red Vertical Blind,cairo-blackout-red-vertical-blind,https://orders.yournextblinds.com/products/cairo-blackout-red-vertical-blind,98.01,https://cdn.shopify.com/s/files/1/0729/6847/0563/files/CairoBlackoutRedVerticalBlind_b529487b-fd6f-4dc7-957d-32c2e042485f.jpg?v=1771331239,Vertical Blinds
Cairo Blackout Silver Vertical Blind,cairo-blackout-silver-vertical-blind,https://orders.yournextblinds.com/products/cairo-blackout-silver-vertical-blind,98.01,https://cdn.shopify.com/s/files/1/0729/6847/0563/files/CairoBlackoutSilverVerticalBlind_cccbc134-c5a5-4629-8764-df8023cbe824.jpg?v=1771331253,Vertical Blinds
Cairo Blackout White Vertical Blind,cairo-blackout-white-vertical-blind,https://orders.yournextblinds.com/products/cairo-blackout-white-vertical-blind,98.01,https://cdn.shopify.com/s/files/1/0729/6847/0563/files/CairoBlackoutWhiteVerticalBlind_e947f803-ca0b-46d5-a69f-60a1365decbb.jpg?v=1771331266,Vertical Blinds
California Sand Vertical Blind,california-sand-vertical-blind,https://orders.yournextblinds.com/products/california-sand-vertical-blind,74.20,https://cdn.shopify.com/s/files/1/0729/6847/0563/files/CaliforniaSandVerticalBlind_f0208ead-a6c3-4c95-a8f3-b9d081a696a4.jpg?v=1771331279,Vertical Blinds
California Sky Vertical Blind,california-sky-vertical-blind,https://orders.yournextblinds.com/products/california-sky-vertical-blind,74.20,https://cdn.shopify.com/s/files/1/0729/6847/0563/files/CALIFORNIASKY_1_1800x1800_5432e4dd-a250-4464-95d0-6804668b9d45.jpg?v=1771331293,Vertical Blinds
California Steel Vertical Blind,california-steel-vertical-blind,https://orders.yournextblinds.com/products/california-steel-vertical-blind,74.20,https://cdn.shopify.com/s/files/1/0729/6847/0563/files/CaliforniaSteelVerticalBlind_b5172683-fe5b-491e-b483-9f1f6f8a433c.jpg?v=1771331306,Vertical Blinds
California White Vertical Blind,california-white-vertical-blind,https://orders.yournextblinds.com/products/california-white-vertical-blind,74.20,https://cdn.shopify.com/s/files/1/0729/6847/0563/files/CaliforniaWhiteVerticalBlind_b4ae8a01-6bf0-4cc0-a6da-bb21586d34cd.jpg?v=1771331318,Vertical Blinds
Candice Blossom Roller Blind,candice-blossom-roller-blind,https://orders.yournextblinds.com/products/candice-blossom-roller-blind,47.71,https://cdn.shopify.com/s/files/1/0729/6847/0563/files/ARENA-2021-ROLLERS-SWATCH-CANDICEBLOSSOM-CLOSEUP.jpg?v=1771331328,Roller Blinds
Cashmere Black - Day and Night Blinds,cashmere-black-day-and-night-blinds,https://orders.yournextblinds.com/products/cashmere-black-day-and-night-blinds,128.00,https://cdn.shopify.com/s/files/1/0729/6847/0563/files/Cashmere-Black---Day-and-Night-Blinds1.jpg?v=1771331336,Day and Night Blinds
Cashmere Grey - Day and Night Blinds,cashmere-grey-day-and-night-blinds,https://orders.yournextblinds.com/products/cashmere-grey-day-and-night-blinds,128.00,https://cdn.shopify.com/s/files/1/0729/6847/0563/files/Cashmere-Grey---Day-and-Night-Blinds1.jpg?v=1771331345,Day and Night Blinds
Cashmere White - Day and Night Blinds,cashmere-white-day-and-night-blinds,https://orders.yournextblinds.com/products/cashmere-white-day-and-night-blinds,128.00,https://cdn.shopify.com/s/files/1/0729/6847/0563/files/Cashmere-White---Day-and-Night-Blinds1.jpg?v=1771331353,Day and Night Blinds
Cloud Cream Vertical Blind,cloud-cream-vertical-blind,https://orders.yournextblinds.com/products/cloud-cream-vertical-blind,74.20,https://cdn.shopify.com/s/files/1/0729/6847/0563/files/CloudCreamVerticalBlind_0be260a5-b690-4c7d-a76e-f5a4874ab595.jpg?v=1771331365,Vertical Blinds
Cloud White Vertical Blind,cloud-white-vertical-blind,https://orders.yournextblinds.com/products/cloud-white-vertical-blind,74.20,https://cdn.shopify.com/s/files/1/0729/6847/0563/files/CloudWhiteVerticalBlind_274154cb-f1a4-472b-96bb-2a70bdc0a07a.jpg?v=1771331378,Vertical Blinds
Daisy Cream Vertical Blind,daisy-cream-vertical-blind,https://orders.yournextblinds.com/products/daisy-cream-vertical-blind,90.44,https://cdn.shopify.com/s/files/1/0729/6847/0563/files/DaisyCreamVerticalBlind_dc4dd238-0555-4f91-b1fa-f49f1c7e1b55.jpg?v=1771331390,Vertical Blinds
Daisy White Vertical Blind,daisy-white-vertical-blind,https://orders.yournextblinds.com/products/daisy-white-vertical-blind,90.44,https://cdn.shopify.com/s/files/1/0729/6847/0563/files/DaisyWhiteVerticalBlind_38e4c1e8-1fe6-42cd-8af0-9cc0f70ae70c.jpg?v=1771331403,Vertical Blinds
Dimout Rome Beige - Day and Night Blinds,dimout-rome-beige-day-and-night-blinds,https://orders.yournextblinds.com/products/dimout-rome-beige-day-and-night-blinds,124.00,https://cdn.shopify.com/s/files/1/0729/6847/0563/files/Dimout-Rome-Beige---Day-and-Night-Blinds1.jpg?v=1771331412,Day and Night Blinds
Dimout Rome Cream - Day and Night Blinds,dimout-rome-cream-day-and-night-blinds,https://orders.yournextblinds.com/products/dimout-rome-cream-day-and-night-blinds,124.00,https://cdn.shopify.com/s/files/1/0729/6847/0563/files/Dimout-Rome-Cream---Day-and-Night-Blinds1_e579749b-32ee-4215-8d8d-c9b08d45ff6c.jpg?v=1771331421,Day and Night Blinds
Dimout Rome Grey - Day and Night Blinds,dimout-rome-grey-day-and-night-blinds,https://orders.yournextblinds.com/products/dimout-rome-grey-day-and-night-blinds,124.00,https://cdn.shopify.com/s/files/1/0729/6847/0563/files/Dimout-Rome-Grey---Day-and-Night-Blinds1.jpg?v=1771331429,Day and Night Blinds
Dimout Rome Silver - Day and Night Blinds,dimout-rome-silver-day-and-night-blinds,https://orders.yournextblinds.com/products/dimout-rome-silver-day-and-night-blinds,124.00,https://cdn.shopify.com/s/files/1/0729/6847/0563/files/Dimout-Rome-Silver---Day-and-Night-Blinds1.jpg?v=1771331437,Day and Night Blinds
Dimout Rome White - Day and Night Blinds,dimout-rome-white-day-and-night-blinds,https://orders.yournextblinds.com/products/dimout-rome-white-day-and-night-blinds,124.00,https://cdn.shopify.com/s/files/1/0729/6847/0563/files/Dimout-Rome-White---Day-and-Night-Blinds1.jpg?v=1771331445,Day and Night Blinds
Dolphin Beige Vertical Blind,dolphin-beige-vertical-blind,https://orders.yournextblinds.com/products/dolphin-beige-vertical-blind,74.20,https://cdn.shopify.com/s/files/1/0729/6847/0563/files/DOLPHINBEIGE_1_1800x1800_61f7a9b6-0713-4198-b648-9710ccb598b4.jpg?v=1771331457,Vertical Blinds
Dolphin Black Vertical Blind,dolphin-black-vertical-blind,https://orders.yournextblinds.com/products/dolphin-black-vertical-blind,74.20,https://cdn.shopify.com/s/files/1/0729/6847/0563/files/DOLPHINBLACK_1.jpg?v=1771331469,Vertical Blinds
Dolphin Brown Vertical Blind,dolphin-brown-vertical-blind,https://orders.yournextblinds.com/products/dolphin-brown-vertical-blind,74.20,https://cdn.shopify.com/s/files/1/0729/6847/0563/files/DolphinBrownVerticalBlind_25788c74-5e80-46f1-8d8c-11baa1adbbe1.jpg?v=1771331483,Vertical Blinds
Dolphin Grey Vertical Blind,dolphin-grey-vertical-blind,https://orders.yournextblinds.com/products/dolphin-grey-vertical-blind,74.20,https://cdn.shopify.com/s/files/1/0729/6847/0563/files/DolphinGreyVerticalBlind_0c55e4c6-c1bc-4534-b7b8-3c9d5bc88f48.jpg?v=1771331497,Vertical Blinds
Dolphin Ivory Cream Vertical Blind,dolphin-ivory-cream-vertical-blind,https://orders.yournextblinds.com/products/dolphin-ivory-cream-vertical-blind,74.20,https://cdn.shopify.com/s/files/1/0729/6847/0563/files/DolphinIvoryVerticalBlind_4349b14b-abf5-413c-b681-3ca4bc5d58ad.jpg?v=1771331510,Vertical Blinds
Dolphin White Vertical Blind,dolphin-white-vertical-blind,https://orders.yournextblinds.com/products/dolphin-white-vertical-blind,74.20,https://cdn.shopify.com/s/files/1/0729/6847/0563/files/DolphinWhiteVerticalBlind_9d6de180-daac-4678-92dd-925aa53baf39.jpg?v=1771331524,Vertical Blinds
Fabian Beige Vertical Blind,fabian-beige-vertical-blind,https://orders.yournextblinds.com/products/fabian-beige-vertical-blind,89.66,https://cdn.shopify.com/s/files/1/0729/6847/0563/files/FABIANBEIGE_1_1800x1800_c0e399e4-5778-4f1d-97c8-0d532a3fb74c.jpg?v=1771331538,Vertical Blinds
Fabian Brown Vertical Blind,fabian-brown-vertical-blind,https://orders.yournextblinds.com/products/fabian-brown-vertical-blind,89.66,https://cdn.shopify.com/s/files/1/0729/6847/0563/files/FabianBrownVerticalBlind_8c3fa72d-4653-4479-abb5-ed423b3c3ffa.jpg?v=1771331551,Vertical Blinds
Fabian Cream Vertical Blind,fabian-cream-vertical-blind,https://orders.yournextblinds.com/products/fabian-cream-vertical-blind,89.66,https://cdn.shopify.com/s/files/1/0729/6847/0563/files/FabianCreamVerticalBlind_399ad979-f927-4abd-b515-2846d710aa87.jpg?v=1771331566,Vertical Blinds
Fabian White Vertical Blind,fabian-white-vertical-blind,https://orders.yournextblinds.com/products/fabian-white-vertical-blind,89.66,https://cdn.shopify.com/s/files/1/0729/6847/0563/files/FabianWhiteVerticalBlind_e560663b-c5ea-4e6d-8d41-fe7329ce4b26.jpg?v=1771331580,Vertical Blinds
Feather Weave Beige Vertical Blind,feather-weave-beige-vertical-blind,https://orders.yournextblinds.com/products/feather-weave-beige-vertical-blind,74.20,https://cdn.shopify.com/s/files/1/0729/6847/0563/files/FEATHERWEAVEBEIGE_1_1800x1800_4c057387-93e4-458c-b4b3-0a9036f6a11a.jpg?v=1771331594,Vertical Blinds
Feather Weave Black Vertical Blind,feather-weave-black-vertical-blind,https://orders.yournextblinds.com/products/feather-weave-black-vertical-blind,74.20,https://cdn.shopify.com/s/files/1/0729/6847/0563/files/FEATHERWEAVEBLACK_1_1800x1800_bced57e4-b2f8-4f86-ba46-62b84db78f98.jpg?v=1771331608,Vertical Blinds
Feather Weave Chantilly Vertical Blind,feather-weave-chantilly-vertical-blind,https://orders.yournextblinds.com/products/feather-weave-chantilly-vertical-blind,74.20,https://cdn.shopify.com/s/files/1/0729/6847/0563/files/Feather_Weave_Chantilly_Vertical_Blind_1.jpg?v=1771331620,Vertical Blinds
Feather Weave Cream Vertical Blind,feather-weave-cream-vertical-blind,https://orders.yournextblinds.com/products/feather-weave-cream-vertical-blind,74.20,https://cdn.shopify.com/s/files/1/0729/6847/0563/files/FeatherWeaveCreamVerticalBlind_7ae13970-aefc-423d-93d5-bff7359fdfc6.jpg?v=1771331632,Vertical Blinds
Feather Weave Mist Vertical Blind,feather-weave-mist-vertical-blind,https://orders.yournextblinds.com/products/feather-weave-mist-vertical-blind,74.20,https://cdn.shopify.com/s/files/1/0729/6847/0563/files/FeatherWeaveMistVerticalBlind_acab66c6-9072-4fa4-8bf8-dc8db494c54a.jpg?v=1771331646,Vertical Blinds
Feather Weave White Vertical Blind,feather-weave-white-vertical-blind,https://orders.yournextblinds.com/products/feather-weave-white-vertical-blind,74.20,https://cdn.shopify.com/s/files/1/0729/6847/0563/files/FeatherWeaveWhiteVerticalBlind_fd924df9-59be-4343-9c7b-6292759906b4.jpg?v=1771331659,Vertical Blinds
Fiesta Beige - PVC Blackout Waterproof Vertical Blind,fiesta-beige-pvc-blackout-waterproof-vertical-blind,https://orders.yournextblinds.com/products/fiesta-beige-pvc-blackout-waterproof-vertical-blind,98.01,https://cdn.shopify.com/s/files/1/0729/6847/0563/files/FIESTABEIGE_PhonePhoto__1_1800x1800_21944fbb-8597-4c13-bbd1-bdd12f768f64.jpg?v=1771331672,Vertical Blinds
Fiesta Cream - PVC Blackout Waterproof Vertical Blind,fiesta-cream-pvc-blackout-waterproof-vertical-blind,https://orders.yournextblinds.com/products/fiesta-cream-pvc-blackout-waterproof-vertical-blind,98.01,https://cdn.shopify.com/s/files/1/0729/6847/0563/files/FiestaCream-PVCBlackoutVerticalBlind_afc8a455-92fd-4d30-9f49-804d7c5ca478.jpg?v=1771331684,Vertical Blinds
Fiesta Grey - PVC Blackout Waterproof Vertical Blind,fiesta-grey-pvc-blackout-waterproof-vertical-blind,https://orders.yournextblinds.com/products/fiesta-grey-pvc-blackout-waterproof-vertical-blind,98.01,https://cdn.shopify.com/s/files/1/0729/6847/0563/files/FiestaGrey-PVCBlackoutVerticalBlind_bbc71811-6142-4de9-a826-8a4c67662939.jpg?v=1771331697,Vertical Blinds
Fiesta Steel - PVC Blackout Waterproof Vertical Blind,fiesta-steel-pvc-blackout-waterproof-vertical-blind,https://orders.yournextblinds.com/products/fiesta-steel-pvc-blackout-waterproof-vertical-blind,98.01,https://cdn.shopify.com/s/files/1/0729/6847/0563/files/FiestaSteel-PVCBlackoutVerticalBlind_580a4822-1a81-41d4-a604-552d2da897ae.jpg?v=1771331710,Vertical Blinds
Fiesta White - PVC Blackout Waterproof Vertical Blind,fiesta-white-pvc-blackout-waterproof-vertical-blind,https://orders.yournextblinds.com/products/fiesta-white-pvc-blackout-waterproof-vertical-blind,98.01,https://cdn.shopify.com/s/files/1/0729/6847/0563/files/FiestaWhite-PVCBlackoutVerticalBlind_9b8d765b-056d-4362-b997-e00140b89e4f.jpg?v=1771331722,Vertical Blinds
Gravity Beige - PVC Blackout Waterproof Vertical Blind,gravity-beige-pvc-blackout-waterproof-vertical-blind,https://orders.yournextblinds.com/products/gravity-beige-pvc-blackout-waterproof-vertical-blind,98.01,https://cdn.shopify.com/s/files/1/0729/6847/0563/files/GRAVITYBEIGE_1.jpg?v=1771331736,Vertical Blinds
Gravity Black - PVC Blackout Waterproof Vertical Blind,gravity-black-pvc-blackout-waterproof-vertical-blind,https://orders.yournextblinds.com/products/gravity-black-pvc-blackout-waterproof-vertical-blind,98.01,https://cdn.shopify.com/s/files/1/0729/6847/0563/files/GRAVITYBLACK_1_1800x1800_7d42174c-8193-4cb6-9fd5-a8c3073454a0.jpg?v=1771331750,Vertical Blinds
Gravity Brown - PVC Blackout Waterproof Vertical Blind,gravity-brown-pvc-blackout-waterproof-vertical-blind,https://orders.yournextblinds.com/products/gravity-brown-pvc-blackout-waterproof-vertical-blind,98.01,https://cdn.shopify.com/s/files/1/0729/6847/0563/files/Gravity_Brown_-_PVC_Blackout_Vertical_Blind_6c564d16-5ec4-4a11-ad87-701a9700184e.jpg?v=1771331763,Vertical Blinds
Gravity Cream - PVC Blackout Waterproof Vertical Blind,gravity-cream-pvc-blackout-waterproof-vertical-blind,https://orders.yournextblinds.com/products/gravity-cream-pvc-blackout-waterproof-vertical-blind,98.01,https://cdn.shopify.com/s/files/1/0729/6847/0563/files/GravityCream-PVCBlackoutVerticalBlind_efc1d1f6-d880-45d7-b315-40a4ae686d5f.jpg?v=1771331777,Vertical Blinds
Gravity Grey - PVC Blackout Waterproof Vertical Blind,gravity-grey-pvc-blackout-waterproof-vertical-blind,https://orders.yournextblinds.com/products/gravity-grey-pvc-blackout-waterproof-vertical-blind,98.01,https://cdn.shopify.com/s/files/1/0729/6847/0563/files/GravityGrey-PVCBlackoutVerticalBlind_28b62a3d-0687-4906-af51-e4fbcb233648.jpg?v=1771331791,Vertical Blinds
Gravity Steel - PVC Blackout Waterproof Vertical Blind,gravity-steel-pvc-blackout-waterproof-vertical-blind,https://orders.yournextblinds.com/products/gravity-steel-pvc-blackout-waterproof-vertical-blind,98.01,https://cdn.shopify.com/s/files/1/0729/6847/0563/files/GravitySteel-PVCBlackoutVerticalBlind_c960d286-888d-43bc-8e6e-4b900e60a139.jpg?v=1771331805,Vertical Blinds
Gravity White - PVC Blackout WaterproofVertical Blind,gravity-white-pvc-blackout-waterproofvertical-blind,https://orders.yournextblinds.com/products/gravity-white-pvc-blackout-waterproofvertical-blind,98.01,https://cdn.shopify.com/s/files/1/0729/6847/0563/files/GravityWhite-PVCBlackoutVerticalBlind_825f608d-40a0-4aeb-b219-8702dde39f77.jpg?v=1771331818,Vertical Blinds
Hambrook Black Vertical Blind,hambrook-black-vertical-blind,https://orders.yournextblinds.com/products/hambrook-black-vertical-blind,74.20,https://cdn.shopify.com/s/files/1/0729/6847/0563/files/HAMBROOKBLACK_1.jpg?v=1771331831,Vertical Blinds
Hambrook Brown Vertical Blind,hambrook-brown-vertical-blind,https://orders.yournextblinds.com/products/hambrook-brown-vertical-blind,74.20,https://cdn.shopify.com/s/files/1/0729/6847/0563/files/HambrookBrownVerticalBlind_1cbe5f9c-5f5f-4b9d-9892-f4d35df2fd21.jpg?v=1771331845,Vertical Blinds
Hambrook Cream Vertical Blind,hambrook-cream-vertical-blind,https://orders.yournextblinds.com/products/hambrook-cream-vertical-blind,74.20,https://cdn.shopify.com/s/files/1/0729/6847/0563/files/HambrookCreamVerticalBlind_fefc6abc-1e28-4c96-aa2c-aebedf0d1282.jpg?v=1771331859,Vertical Blinds
Hambrook Red Vertical Blind,hambrook-red-vertical-blind,https://orders.yournextblinds.com/products/hambrook-red-vertical-blind,74.20,https://cdn.shopify.com/s/files/1/0729/6847/0563/files/HambrookRedVerticalBlind_a1eb1f0e-4beb-4100-a5b8-e249ccd0f5f5.jpg?v=1771331871,Vertical Blinds
Hambrook Snow Vertical Blind,hambrook-snow-vertical-blind,https://orders.yournextblinds.com/products/hambrook-snow-vertical-blind,74.20,https://cdn.shopify.com/s/files/1/0729/6847/0563/files/HambrookSnowVerticalBlind_1b8d83fb-b782-4eee-a80b-8fc331f91154.jpg?v=1771331884,Vertical Blinds
Havana PVC Beige Vertical Blind,havana-pvc-beige-vertical-blind,https://orders.yournextblinds.com/products/havana-pvc-beige-vertical-blind,98.01,https://cdn.shopify.com/s/files/1/0729/6847/0563/files/HAVANABEIGE_1.jpg?v=1771331897,Vertical Blinds
Havana PVC Black Vertical Blind,havana-pvc-black-vertical-blind,https://orders.yournextblinds.com/products/havana-pvc-black-vertical-blind,98.01,https://cdn.shopify.com/s/files/1/0729/6847/0563/files/HAVANABLACK_1_1800x1800_61121d24-9cd0-4505-a0be-ebbc9f738f9d.jpg?v=1771331913,Vertical Blinds
Havana PVC Cream Vertical Blind,havana-pvc-cream-vertical-blind,https://orders.yournextblinds.com/products/havana-pvc-cream-vertical-blind,98.01,https://cdn.shopify.com/s/files/1/0729/6847/0563/files/HavanaCreamVerticalBlind_bd511c4c-73e8-4001-947f-36c2f08919a4.jpg?v=1771331927,Vertical Blinds
Havana PVC Grey Vertical Blind,havana-pvc-grey-vertical-blind,https://orders.yournextblinds.com/products/havana-pvc-grey-vertical-blind,98.01,https://cdn.shopify.com/s/files/1/0729/6847/0563/files/HavanaGreyVerticalBlind_21790465-b251-4df7-b438-a9f8889d424b.jpg?v=1771331940,Vertical Blinds
Havana PVC White Vertical Blind,havana-pvc-white-vertical-blind,https://orders.yournextblinds.com/products/havana-pvc-white-vertical-blind,98.01,https://cdn.shopify.com/s/files/1/0729/6847/0563/files/HavanaWhiteVerticalBlind_e410361f-24ca-40e7-9127-83c7840aa58d.jpg?v=1771331953,Vertical Blinds
Henley Beige Vertical Blind,henley-beige-vertical-blind,https://orders.yournextblinds.com/products/henley-beige-vertical-blind,74.20,https://cdn.shopify.com/s/files/1/0729/6847/0563/files/HENLEYBEIGE_1_1800x1800_5319b76a-5378-4733-9797-b28b2e40b612.jpg?v=1771331967,Vertical Blinds
Henley Cream Vertical Blind,henley-cream-vertical-blind,https://orders.yournextblinds.com/products/henley-cream-vertical-blind,74.20,https://cdn.shopify.com/s/files/1/0729/6847/0563/files/HenleyCreamVerticalBlind_fd28cd38-1b2b-4a53-9f6e-9c9a56d7ad78.jpg?v=1771331982,Vertical Blinds
Henley White Vertical Blind,henley-white-vertical-blind,https://orders.yournextblinds.com/products/henley-white-vertical-blind,74.20,https://cdn.shopify.com/s/files/1/0729/6847/0563/files/HenleyWhiteVerticalBlind_0f375795-675b-44a7-8e19-5a58270a1481.jpg?v=1771331995,Vertical Blinds
Jaguar Beige Vertical Blind,jaguar-beige-vertical-blind,https://orders.yournextblinds.com/products/jaguar-beige-vertical-blind,98.01,https://cdn.shopify.com/s/files/1/0729/6847/0563/files/JAGUARBEIGE_1.jpg?v=1771332008,Vertical Blinds
Jaguar Black Vertical Blind,jaguar-black-vertical-blind,https://orders.yournextblinds.com/products/jaguar-black-vertical-blind,98.01,https://cdn.shopify.com/s/files/1/0729/6847/0563/files/JAGUARBLACK_1_1800x1800_6e2ed275-8873-4b1a-83da-ca7ed4550e78.jpg?v=1771332022,Vertical Blinds
Jaguar Brown Vertical Blind,jaguar-brown-vertical-blind,https://orders.yournextblinds.com/products/jaguar-brown-vertical-blind,98.01,https://cdn.shopify.com/s/files/1/0729/6847/0563/files/JaguarBrownVerticalBlind_fdd36a17-d593-4599-9bd6-84bc8b924e0e.jpg?v=1771332036,Vertical Blinds
Jaguar Cream Vertical Blind,jaguar-cream-vertical-blind,https://orders.yournextblinds.com/products/jaguar-cream-vertical-blind,98.01,https://cdn.shopify.com/s/files/1/0729/6847/0563/files/JaguarCreamVerticalBlind_0392ce94-dc56-46b3-a0cd-461b3f367f3c.jpg?v=1771332049,Vertical Blinds
Jaguar Grey Vertical Blind,jaguar-grey-vertical-blind,https://orders.yournextblinds.com/products/jaguar-grey-vertical-blind,98.01,https://cdn.shopify.com/s/files/1/0729/6847/0563/files/JaguarGreyVerticalBlind_f76fe60d-cf77-40e4-9371-3726dfdc1286.jpg?v=1771332064,Vertical Blinds
Jaguar White Vertical Blind,jaguar-white-vertical-blind,https://orders.yournextblinds.com/products/jaguar-white-vertical-blind,98.01,https://cdn.shopify.com/s/files/1/0729/6847/0563/files/JaguarWhiteVerticalBlind_a76bfd32-3510-4923-9aff-fbcd6cff7c92.jpg?v=1771332077,Vertical Blinds
Kia Beige Vertical Blind,kia-beige-vertical-blind,https://orders.yournextblinds.com/products/kia-beige-vertical-blind,98.01,https://cdn.shopify.com/s/files/1/0729/6847/0563/files/KIABEIGE_1.jpg?v=1771332092,Vertical Blinds
Kia Black Vertical Blind,kia-black-vertical-blind,https://orders.yournextblinds.com/products/kia-black-vertical-blind,98.01,https://cdn.shopify.com/s/files/1/0729/6847/0563/files/KIABLACK_1_1800x1800_9b3b76bc-bc69-4073-a661-5b7b75a6c5e8.jpg?v=1771332104,Vertical Blinds
Kia Brown Vertical Blind,kia-brown-vertical-blind,https://orders.yournextblinds.com/products/kia-brown-vertical-blind,98.01,https://cdn.shopify.com/s/files/1/0729/6847/0563/files/KiaBrownVerticalBlind_1c081640-4084-497f-a70b-b25bd2fc61b2.jpg?v=1771332116,Vertical Blinds
Kia Cream Vertical Blind,kia-cream-vertical-blind,https://orders.yournextblinds.com/products/kia-cream-vertical-blind,98.01,https://cdn.shopify.com/s/files/1/0729/6847/0563/files/KiaCreamVerticalBlind_28c5e653-c07c-4500-bf64-f9981f47cabf.jpg?v=1771332129,Vertical Blinds
Kia Red Vertical Blind,kia-red-vertical-blind,https://orders.yournextblinds.com/products/kia-red-vertical-blind,98.01,https://cdn.shopify.com/s/files/1/0729/6847/0563/files/KiaRedVerticalBlind_bec8608a-a773-4325-9635-a2e4d28a4f59.jpg?v=1771332143,Vertical Blinds
Kia White Vertical Blind,kia-white-vertical-blind,https://orders.yournextblinds.com/products/kia-white-vertical-blind,98.01,https://cdn.shopify.com/s/files/1/0729/6847/0563/files/KiaWhiteVerticalBlind_a49f43e4-66a6-4e11-9722-5d7d1142bcaa.jpg?v=1771332156,Vertical Blinds
Lahore Black Vertical Blind,lahore-black-vertical-blind,https://orders.yournextblinds.com/products/lahore-black-vertical-blind,98.01,https://cdn.shopify.com/s/files/1/0729/6847/0563/files/LAHOREBLACK_1_1800x1800_aff192dd-833a-467a-97c3-c34e0c7d78e3.jpg?v=1771332170,Vertical Blinds
Lahore Cream Vertical Blind,lahore-cream-vertical-blind,https://orders.yournextblinds.com/products/lahore-cream-vertical-blind,98.01,https://cdn.shopify.com/s/files/1/0729/6847/0563/files/LahoreCreamVerticalBlind_9a1db7df-02c5-4195-95dd-4b992d4bf3bb.jpg?v=1771332183,Vertical Blinds
Lahore Grey Vertical Blind,lahore-grey-vertical-blind,https://orders.yournextblinds.com/products/lahore-grey-vertical-blind,98.01,https://cdn.shopify.com/s/files/1/0729/6847/0563/files/LahoreGreyVerticalBlind_d93ed130-d7cc-4a63-8810-8d8cf94eea71.jpg?v=1771332196,Vertical Blinds
Lahore Ivory Vertical Blind,lahore-ivory-vertical-blind,https://orders.yournextblinds.com/products/lahore-ivory-vertical-blind,98.01,https://cdn.shopify.com/s/files/1/0729/6847/0563/files/LAHOREIVORY_1.jpg?v=1771332209,Vertical Blinds
Lahore Silver Vertical Blind,lahore-silver-vertical-blind,https://orders.yournextblinds.com/products/lahore-silver-vertical-blind,98.01,https://cdn.shopify.com/s/files/1/0729/6847/0563/files/LahoreSilverVerticalBlind_13f8fbac-5276-4ffb-a9a7-e7a82fdcab73.jpg?v=1771332221,Vertical Blinds
Lahore White Vertical Blind,lahore-white-vertical-blind,https://orders.yournextblinds.com/products/lahore-white-vertical-blind,98.01,https://cdn.shopify.com/s/files/1/0729/6847/0563/files/LahoreWhiteVerticalBlind_ce45b75c-add6-49f8-b280-8a9de75704ee.jpg?v=1771332238,Vertical Blinds
Lyon Beige Vertical Blind,lyon-beige-vertical-blind,https://orders.yournextblinds.com/products/lyon-beige-vertical-blind,90.44,https://cdn.shopify.com/s/files/1/0729/6847/0563/files/LYONBEIGE_1.jpg?v=1771332251,Vertical Blinds
Lyon Black Vertical Blind,lyon-black-vertical-blind,https://orders.yournextblinds.com/products/lyon-black-vertical-blind,90.44,https://cdn.shopify.com/s/files/1/0729/6847/0563/files/LAHOREBLACK_1_e162aeb0-129e-4123-a3c4-8f50df0d0399.jpg?v=1771332265,Vertical Blinds
Lyon Brown Vertical Blind,lyon-brown-vertical-blind,https://orders.yournextblinds.com/products/lyon-brown-vertical-blind,90.44,https://cdn.shopify.com/s/files/1/0729/6847/0563/files/LyonBrownVerticalBlind_55176f84-f0df-457b-8333-6f78ae98009e.jpg?v=1771332278,Vertical Blinds
Lyon Cream Vertical Blind,lyon-cream-vertical-blind,https://orders.yournextblinds.com/products/lyon-cream-vertical-blind,90.44,https://cdn.shopify.com/s/files/1/0729/6847/0563/files/LyonCreamVerticalBlind_8ae32e58-2a53-492e-950b-7b7042b36c36.jpg?v=1771332291,Vertical Blinds
Lyon Red Vertical Blind,lyon-red-vertical-blind,https://orders.yournextblinds.com/products/lyon-red-vertical-blind,90.44,https://cdn.shopify.com/s/files/1/0729/6847/0563/files/LyonRedVerticalBlind_ac501776-55cf-4496-b73d-5acc0fd5afed.jpg?v=1771332304,Vertical Blinds
Lyon White Vertical Blind,lyon-white-vertical-blind,https://orders.yournextblinds.com/products/lyon-white-vertical-blind,90.44,https://cdn.shopify.com/s/files/1/0729/6847/0563/files/LyonWhiteVerticalBlind_7945dd4f-eeb2-4c73-8294-579c1d8c9670.jpg?v=1771332317,Vertical Blinds
Marina Black Vertical Blind,marina-black-vertical-blind,https://orders.yournextblinds.com/products/marina-black-vertical-blind,89.66,https://cdn.shopify.com/s/files/1/0729/6847/0563/files/MARINABLACK_1.jpg?v=1771332332,Vertical Blinds
Marina Coffee Vertical Blind,marina-coffee-vertical-blind,https://orders.yournextblinds.com/products/marina-coffee-vertical-blind,89.66,https://cdn.shopify.com/s/files/1/0729/6847/0563/files/MarinaCoffeeVerticalBlind_d88306cb-eec6-43ef-b144-bab9048ef399.jpg?v=1771332347,Vertical Blinds
Marina Gold Vertical Blind,marina-gold-vertical-blind,https://orders.yournextblinds.com/products/marina-gold-vertical-blind,89.66,https://cdn.shopify.com/s/files/1/0729/6847/0563/files/MarinaGoldVerticalBlind_7ca0b485-a43e-44ce-8171-2d75cf3ba1f4.jpg?v=1771332359,Vertical Blinds
Marina Harvest Vertical Blind,marina-harvest-vertical-blind,https://orders.yournextblinds.com/products/marina-harvest-vertical-blind,89.66,https://cdn.shopify.com/s/files/1/0729/6847/0563/files/MARINAHARVEST_1.jpg?v=1771332373,Vertical Blinds
Marina Ivory Vertical Blind,marina-ivory-vertical-blind,https://orders.yournextblinds.com/products/marina-ivory-vertical-blind,89.66,https://cdn.shopify.com/s/files/1/0729/6847/0563/files/MarinaIvoryVerticalBlind_5be321cf-8c07-4b89-9a1b-7ddd75aa67a2.jpg?v=1771332386,Vertical Blinds
Marina White Vertical Blind,marina-white-vertical-blind,https://orders.yournextblinds.com/products/marina-white-vertical-blind,89.66,https://cdn.shopify.com/s/files/1/0729/6847/0563/files/MarinaWhiteVerticalBlind_dbd02f04-251b-40e3-bf43-68bb86bf3a4a.jpg?v=1771332399,Vertical Blinds
Milton Brown Vertical Blind,milton-brown-vertical-blind,https://orders.yournextblinds.com/products/milton-brown-vertical-blind,89.66,https://cdn.shopify.com/s/files/1/0729/6847/0563/files/MiltonBrownVerticalBlind_66143387-faa6-4c9e-8da7-a07a7df8bff0.jpg?v=1771332411,Vertical Blinds
Milton Cream Vertical Blind,milton-cream-vertical-blind,https://orders.yournextblinds.com/products/milton-cream-vertical-blind,89.66,https://cdn.shopify.com/s/files/1/0729/6847/0563/files/MiltonCreamVerticalBlind_4797fd3e-8615-4e2e-a44e-7900aa1833b9.jpg?v=1771332425,Vertical Blinds
Milton White Vertical Blind,milton-white-vertical-blind,https://orders.yournextblinds.com/products/milton-white-vertical-blind,89.66,https://cdn.shopify.com/s/files/1/0729/6847/0563/files/MiltonWhiteVerticalBlind_4ac1c6c1-283d-4043-9b36-432addd7359c.jpg?v=1771332439,Vertical Blinds
Mumbai Callco Vertical Blind,mumbai-callco-vertical-blind,https://orders.yournextblinds.com/products/mumbai-callco-vertical-blind,90.44,https://cdn.shopify.com/s/files/1/0729/6847/0563/files/MumbaiCallcoVerticalBlind_fd25d9aa-54cb-406e-b1a5-986d045c7f5c.jpg?v=1771332452,Vertical Blinds
Mumbai Cotton Vertical Blind,mumbai-cotton-vertical-blind,https://orders.yournextblinds.com/products/mumbai-cotton-vertical-blind,90.44,https://cdn.shopify.com/s/files/1/0729/6847/0563/files/MumbaiCottonVerticalBlind_1ab2ec88-92af-4e33-ba0b-2415ed81207e.jpg?v=1771332465,Vertical Blinds
Mumbai Linen Vertical Blind,mumbai-linen-vertical-blind,https://orders.yournextblinds.com/products/mumbai-linen-vertical-blind,90.44,https://cdn.shopify.com/s/files/1/0729/6847/0563/files/MumbaiLinenVerticalBlind_e9aa0814-e873-4260-9c7e-fbcd619264f3.jpg?v=1771332479,Vertical Blinds
Oasis Black Vertical Blind,oasis-black-vertical-blind,https://orders.yournextblinds.com/products/oasis-black-vertical-blind,98.01,https://cdn.shopify.com/s/files/1/0729/6847/0563/files/OASISBLACK_1.jpg?v=1771332493,Vertical Blinds
Oasis Brown Vertical Blind,oasis-brown-vertical-blind,https://orders.yournextblinds.com/products/oasis-brown-vertical-blind,98.01,https://cdn.shopify.com/s/files/1/0729/6847/0563/files/OasisBrownVerticalBlind_6c778cae-ef53-45aa-ae6f-39287f550973.jpg?v=1771332507,Vertical Blinds
Oasis Charcoal1 Vertical Blind,oasis-charcoal1-vertical-blind,https://orders.yournextblinds.com/products/oasis-charcoal1-vertical-blind,98.01,https://cdn.shopify.com/s/files/1/0729/6847/0563/files/OasisCharcoal1VerticalBlind_1306672b-b432-49b9-8062-1ff7d056b257.jpg?v=1771332521,Vertical Blinds
Oasis Cream Vertical Blind,oasis-cream-vertical-blind,https://orders.yournextblinds.com/products/oasis-cream-vertical-blind,98.01,https://cdn.shopify.com/s/files/1/0729/6847/0563/files/OasisCreamVerticalBlind_a2cce0a2-0283-4d72-85e1-9e4c19edab40.jpg?v=1771332534,Vertical Blinds
Oasis Grey Vertical Blind,oasis-grey-vertical-blind,https://orders.yournextblinds.com/products/oasis-grey-vertical-blind,98.01,https://cdn.shopify.com/s/files/1/0729/6847/0563/files/OasisGreyVerticalBlind_b5c0a829-ec21-49fb-a4be-09d4ef471015.jpg?v=1771332546,Vertical Blinds
Oasis Purple Vertical Blind,oasis-purple-vertical-blind,https://orders.yournextblinds.com/products/oasis-purple-vertical-blind,98.01,https://cdn.shopify.com/s/files/1/0729/6847/0563/files/OasisPurpleVerticalBlind_31c26f58-31c9-4d45-9f5d-69839e3d90c7.jpg?v=1771332559,Vertical Blinds
Oasis Purple1 Vertical Blind,oasis-purple1-vertical-blind,https://orders.yournextblinds.com/products/oasis-purple1-vertical-blind,98.01,https://cdn.shopify.com/s/files/1/0729/6847/0563/files/OasisPurple1VerticalBlind_f77981d9-1d2e-49ba-8b1c-02eddd68c17d.jpg?v=1771332574,Vertical Blinds
Oasis Rock Vertical Blind,oasis-rock-vertical-blind,https://orders.yournextblinds.com/products/oasis-rock-vertical-blind,98.01,https://cdn.shopify.com/s/files/1/0729/6847/0563/files/OasisRockVerticalBlind_cdced0b7-9407-4d6a-bcc1-9ee01b2fa117.jpg?v=1771332587,Vertical Blinds
Oasis Silver1 Vertical Blind,oasis-silver1-vertical-blind,https://orders.yournextblinds.com/products/oasis-silver1-vertical-blind,98.01,https://cdn.shopify.com/s/files/1/0729/6847/0563/files/OasisSilver1VerticalBlind_c19ff02c-c0c5-4ae9-9e6d-87a9c77699ff.jpg?v=1771332600,Vertical Blinds
Oasis White Vertical Blind,oasis-white-vertical-blind,https://orders.yournextblinds.com/products/oasis-white-vertical-blind,98.01,https://cdn.shopify.com/s/files/1/0729/6847/0563/files/OasisWhiteVerticalBlind_7b68b621-a9d3-4744-a84b-62560b7c4182.jpg?v=1771332612,Vertical Blinds
Opera Cream Vertical Blind,opera-cream-vertical-blind,https://orders.yournextblinds.com/products/opera-cream-vertical-blind,90.44,https://cdn.shopify.com/s/files/1/0729/6847/0563/files/OperaCreamVerticalBlind_e1728f80-ffac-4f4e-b01e-0f518ae5ff63.jpg?v=1771332625,Vertical Blinds
Opera Grey Vertical Blind,opera-grey-vertical-blind,https://orders.yournextblinds.com/products/opera-grey-vertical-blind,90.44,https://cdn.shopify.com/s/files/1/0729/6847/0563/files/OperaGreyVerticalBlind_53bc93d5-aa67-4524-85ff-d0473ffadde3.jpg?v=1771332640,Vertical Blinds
Opera White Vertical Blind,opera-white-vertical-blind,https://orders.yournextblinds.com/products/opera-white-vertical-blind,90.44,https://cdn.shopify.com/s/files/1/0729/6847/0563/files/OperaWhiteVerticalBlind_d4f452ed-8ce9-474a-81f9-a0f4d3da4c06.jpg?v=1771332653,Vertical Blinds
Optimum Standard Black Vertical Blind,optimum-standard-black-vertical-blind,https://orders.yournextblinds.com/products/optimum-standard-black-vertical-blind,89.66,https://cdn.shopify.com/s/files/1/0729/6847/0563/files/OPTIMUMSTANDARDBLACK_1_1800x1800_ef87660e-fe61-4c5d-89f8-2b3ae9155978.jpg?v=1771332665,Vertical Blinds
Optimum Standard Cream Vertical Blind,optimum-standard-cream-vertical-blind,https://orders.yournextblinds.com/products/optimum-standard-cream-vertical-blind,89.66,https://cdn.shopify.com/s/files/1/0729/6847/0563/files/OptimumStandardCreamVerticalBlind_9477791b-f8c0-45b6-a5bd-eac2ab69fd44.jpg?v=1771332678,Vertical Blinds
Optimum Standard Grey Vertical Blind,optimum-standard-grey-vertical-blind,https://orders.yournextblinds.com/products/optimum-standard-grey-vertical-blind,89.66,https://cdn.shopify.com/s/files/1/0729/6847/0563/files/OptimumStandardGreyVerticalBlind_d75a85a7-783a-423e-83ed-53d8c229ed99.jpg?v=1771332691,Vertical Blinds
Optimum Standard Magnolia Vertical Blind,optimum-standard-magnolia-vertical-blind,https://orders.yournextblinds.com/products/optimum-standard-magnolia-vertical-blind,89.66,https://cdn.shopify.com/s/files/1/0729/6847/0563/files/OPTIMUMSTANDARDMAGNOLIA_1.jpg?v=1771332704,Vertical Blinds
Optimum Standard Snow Vertical Blind,optimum-standard-snow-vertical-blind,https://orders.yournextblinds.com/products/optimum-standard-snow-vertical-blind,89.66,https://cdn.shopify.com/s/files/1/0729/6847/0563/files/OptimumStandardSnowVerticalBlind_48d805b4-9c0f-437a-ba43-b9ac661bf2a0.jpg?v=1771332716,Vertical Blinds
Ozark Black - Day and Night Blinds,ozark-black-day-and-night-blinds,https://orders.yournextblinds.com/products/ozark-black-day-and-night-blinds,128.00,https://cdn.shopify.com/s/files/1/0729/6847/0563/files/Ozark-Black---Day-and-Night-Blinds1.jpg?v=1771332727,Day and Night Blinds
Ozark Grey - Day and Night Blinds,ozark-grey-day-and-night-blinds,https://orders.yournextblinds.com/products/ozark-grey-day-and-night-blinds,128.00,https://cdn.shopify.com/s/files/1/0729/6847/0563/files/Ozark-Grey---Day-and-Night-Blinds1.jpg?v=1771332735,Day and Night Blinds
Ozark White- Day and Night Blinds,ozark-white-day-and-night-blinds,https://orders.yournextblinds.com/products/ozark-white-day-and-night-blinds,128.00,https://cdn.shopify.com/s/files/1/0729/6847/0563/files/WhatsApp_Image_2024-08-21_at_14.26.16_1.jpg?v=1771332743,Day and Night Blinds
Pacific Candy Vertical Blind,pacific-candy-vertical-blind,https://orders.yournextblinds.com/products/pacific-candy-vertical-blind,74.20,https://cdn.shopify.com/s/files/1/0729/6847/0563/files/PacificCandyVerticalBlind_1800x1800_95809e9e-f7ee-4592-bf2c-f8d3dc5c6f63.jpg?v=1771332753,Vertical Blinds
Pacific Dawn Vertical Blind,pacific-dawn-vertical-blind,https://orders.yournextblinds.com/products/pacific-dawn-vertical-blind,74.20,https://cdn.shopify.com/s/files/1/0729/6847/0563/files/PacificDawnVerticalBlind_d0843ba7-c204-47de-bbfb-73b3859cd3f7.jpg?v=1771332765,Vertical Blinds
Pacific Ivory Vertical Blind,pacific-ivory-vertical-blind,https://orders.yournextblinds.com/products/pacific-ivory-vertical-blind,74.20,https://cdn.shopify.com/s/files/1/0729/6847/0563/files/PacificIvoryVerticalBlind_d7b5b74b-eaac-44a8-a46e-5efeb635b890.jpg?v=1771332778,Vertical Blinds
Pacific Jade Vertical Blind,pacific-jade-vertical-blind,https://orders.yournextblinds.com/products/pacific-jade-vertical-blind,74.20,https://cdn.shopify.com/s/files/1/0729/6847/0563/files/PacificJadeVerticalBlind_83c53c3d-cbed-49ee-828d-16d03d17b5b6.jpg?v=1771332790,Vertical Blinds
Pacific Mist Vertical Blind,pacific-mist-vertical-blind,https://orders.yournextblinds.com/products/pacific-mist-vertical-blind,74.20,https://cdn.shopify.com/s/files/1/0729/6847/0563/files/PacificMistVerticalBlind_46797efa-2b1e-4ac0-98e2-8f8313ddccc7.jpg?v=1771332805,Vertical Blinds
Pacific Mocha Vertical Blind,pacific-mocha-vertical-blind,https://orders.yournextblinds.com/products/pacific-mocha-vertical-blind,74.20,https://cdn.shopify.com/s/files/1/0729/6847/0563/files/PacificMochaVerticalBlind_01bdb744-b0cc-4703-8867-8aec15df5716.jpg?v=1771332819,Vertical Blinds
Pacific Sand Vertical Blind,pacific-sand-vertical-blind,https://orders.yournextblinds.com/products/pacific-sand-vertical-blind,74.20,https://cdn.shopify.com/s/files/1/0729/6847/0563/files/PacificSandVerticalBlind_96e6a406-eb96-4eae-865d-dc3368033c25.jpg?v=1771332834,Vertical Blinds
Pacific Sky Vertical Blind,pacific-sky-vertical-blind,https://orders.yournextblinds.com/products/pacific-sky-vertical-blind,74.20,https://cdn.shopify.com/s/files/1/0729/6847/0563/files/PacificSkyVerticalBlind_e7b4f962-63af-422e-9ce8-280dded72390.jpg?v=1771332847,Vertical Blinds
Pacific White Vertical Blind,pacific-white-vertical-blind,https://orders.yournextblinds.com/products/pacific-white-vertical-blind,74.20,https://cdn.shopify.com/s/files/1/0729/6847/0563/files/PacificWhiteVerticalBlind_c2ed6cef-dfd7-4fa8-886d-33c44e34c33b.jpg?v=1771332861,Vertical Blinds
Parfait Cream Vertical Blind,parfait-cream-vertical-blind,https://orders.yournextblinds.com/products/parfait-cream-vertical-blind,89.66,https://cdn.shopify.com/s/files/1/0729/6847/0563/files/ParfaitCreamVerticalBlind_0aecadea-b0c8-4eba-93c1-23b621006313.jpg?v=1771332875,Vertical Blinds
Parfait White Vertical Blind,parfait-white-vertical-blind,https://orders.yournextblinds.com/products/parfait-white-vertical-blind,89.66,https://cdn.shopify.com/s/files/1/0729/6847/0563/files/ParfaitWhiteVerticalBlind_42162171-2918-4bb1-b3cb-7a34499b59a3.jpg?v=1771332890,Vertical Blinds
Plain Soft Black - Day and Night Blinds,plain-soft-black-day-and-night-blinds,https://orders.yournextblinds.com/products/plain-soft-black-day-and-night-blinds,115.10,https://cdn.shopify.com/s/files/1/0729/6847/0563/files/Blackout-Plain-Soft-Black---Day-and-Night-Blinds1.jpg?v=1771332900,Day and Night Blinds
Plain Soft Brown Motorised Day and Night Blind,plain-soft-brown-motorised-day-and-night-blind,https://orders.yournextblinds.com/products/plain-soft-brown-motorised-day-and-night-blind,115.10,https://cdn.shopify.com/s/files/1/0729/6847/0563/files/Plain-Soft-Brown--Day-and-Night-Blinds1_65a07ed7-bcc1-4f00-ba72-04ddb11a004c.jpg?v=1771332909,Day and Night Blinds; Motorized Blinds
Plain Soft Brown- Day and Night Blinds,plain-soft-brown-day-and-night-blinds,https://orders.yournextblinds.com/products/plain-soft-brown-day-and-night-blinds,115.10,https://cdn.shopify.com/s/files/1/0729/6847/0563/files/Plain-Soft-Brown--Day-and-Night-Blinds1_c355473e-d2e0-4da3-9e03-9b4dff3a86fc.jpg?v=1771332921,Day and Night Blinds
Plain Soft Charcoal Grey - Day and Night Blinds,plain-soft-charcoal-grey-day-and-night-blinds,https://orders.yournextblinds.com/products/plain-soft-charcoal-grey-day-and-night-blinds,115.10,https://cdn.shopify.com/s/files/1/0729/6847/0563/files/Blackout-Plain-Soft-Charcoal-Grey---Day-and-Night-Blinds1.jpg?v=1771332933,Day and Night Blinds
Plain Soft Cream - Day and Night Blinds,plain-soft-cream-day-and-night-blinds,https://orders.yournextblinds.com/products/plain-soft-cream-day-and-night-blinds,115.10,https://cdn.shopify.com/s/files/1/0729/6847/0563/files/Blackout-Plain-Soft-Cream---Day-and-Night-Blinds1_11111f19-2b32-4494-a5e5-73f275e9b714.jpg?v=1771332942,Day and Night Blinds
Plain Soft Grey - Day & Night Blinds,plain-soft-grey-day-night-blinds,https://orders.yournextblinds.com/products/plain-soft-grey-day-night-blinds,115.10,https://cdn.shopify.com/s/files/1/0729/6847/0563/files/Blackout-Plain-Soft-Grey---Day-_-Night-Blinds1.jpg?v=1771332949,Day and Night Blinds
Plain Soft Purple - Day and Night Blinds,plain-soft-purple-day-and-night-blinds,https://orders.yournextblinds.com/products/plain-soft-purple-day-and-night-blinds,115.10,https://cdn.shopify.com/s/files/1/0729/6847/0563/files/Plain-Soft-Purple---Day-and-Night-Blinds1.jpg?v=1771332958,Day and Night Blinds
Plain Soft Silver - Day and Night Blinds,plain-soft-silver-day-and-night-blinds,https://orders.yournextblinds.com/products/plain-soft-silver-day-and-night-blinds,115.10,https://cdn.shopify.com/s/files/1/0729/6847/0563/files/Plain-Soft-Silver---Day-and-Night-Blinds1.jpg?v=1771332966,Day and Night Blinds
Plain Soft White Day And Night Blinds,plain-soft-white-day-and-night-blinds,https://orders.yournextblinds.com/products/plain-soft-white-day-and-night-blinds,115.10,https://cdn.shopify.com/s/files/1/0729/6847/0563/files/Plain-Soft-White-Day-And-Night-Blinds1.jpg?v=1771332975,Day and Night Blinds
Plain Soft White Day and Night Blind,plain-soft-white-day-and-night-blind,https://orders.yournextblinds.com/products/plain-soft-white-day-and-night-blind,115.10,https://cdn.shopify.com/s/files/1/0729/6847/0563/files/Plain-Soft-White-Day-And-Night-Blinds1_eb91e3f4-9325-490d-ace1-c66a03aefaec.jpg?v=1771332982,Day and Night Blinds
Raindrop Blockout Black Vertical Blind,raindrop-blockout-black-vertical-blind,https://orders.yournextblinds.com/products/raindrop-blockout-black-vertical-blind,98.01,https://cdn.shopify.com/s/files/1/0729/6847/0563/files/CLOUDBLOCKOUTDUOBLACK_1.jpg?v=1771332993,Vertical Blinds
Raindrop Blockout Cappucino Vertical Blind,raindrop-blockout-cappucino-vertical-blind,https://orders.yournextblinds.com/products/raindrop-blockout-cappucino-vertical-blind,98.01,https://cdn.shopify.com/s/files/1/0729/6847/0563/files/CloudBlockOutDuoMagnoliaVerticalBlind_2e236ff7-9001-43e7-9523-49147a3c9e46.jpg?v=1771333005,Vertical Blinds
Raindrop Blockout Red Vertical Blind,raindrop-blockout-red-vertical-blind,https://orders.yournextblinds.com/products/raindrop-blockout-red-vertical-blind,98.01,https://cdn.shopify.com/s/files/1/0729/6847/0563/files/CloudBlockOutDuoRedVerticalBlind_76e73277-745e-4f24-a1cf-1b0488adea1e.jpg?v=1771333017,Vertical Blinds
Raindrop Blockout Storm Vertical Blind,raindrop-blockout-storm-vertical-blind,https://orders.yournextblinds.com/products/raindrop-blockout-storm-vertical-blind,98.01,https://cdn.shopify.com/s/files/1/0729/6847/0563/files/CloudBlockOutDuoGreyVerticalBlind_2bc511f3-c65d-4dc5-bb0f-55e610c82721.jpg?v=1771333030,Vertical Blinds
Raindrop Blockout White Vertical Blind,raindrop-blockout-white-vertical-blind,https://orders.yournextblinds.com/products/raindrop-blockout-white-vertical-blind,98.01,https://cdn.shopify.com/s/files/1/0729/6847/0563/files/CloudBlockOutDuoWhiteVerticalBlind_65ae8425-d5fe-451a-be1d-1a306481175b.jpg?v=1771333041,Vertical Blinds
Rita Beige Vertical Blind,rita-beige-vertical-blind,https://orders.yournextblinds.com/products/rita-beige-vertical-blind,98.01,https://cdn.shopify.com/s/files/1/0729/6847/0563/files/RITABEIGE_1_1800x1800_2750862c-cbf9-4d4f-8388-2a4ce9e0d638.jpg?v=1771333053,Vertical Blinds
Rita Black Vertical Blind,rita-black-vertical-blind,https://orders.yournextblinds.com/products/rita-black-vertical-blind,98.01,https://cdn.shopify.com/s/files/1/0729/6847/0563/files/RITABLACK_1_1800x1800_8822336b-85f2-4626-9d7b-15c3447e9d50.jpg?v=1771333066,Vertical Blinds
Rita Cream Vertical Blind,rita-cream-vertical-blind,https://orders.yournextblinds.com/products/rita-cream-vertical-blind,98.01,https://cdn.shopify.com/s/files/1/0729/6847/0563/files/RitaCreamVerticalBlind_63e2ff92-e619-4dd1-9a72-79d3d8f9225e.jpg?v=1771333079,Vertical Blinds
Rita Grey Vertical Blind,rita-grey-vertical-blind,https://orders.yournextblinds.com/products/rita-grey-vertical-blind,98.01,https://cdn.shopify.com/s/files/1/0729/6847/0563/files/RitaGreyVerticalBlind_b5b3ce2d-7e62-4970-acca-dd7e0feb40a7.jpg?v=1771333091,Vertical Blinds
Rita Snow Vertical Blind,rita-snow-vertical-blind,https://orders.yournextblinds.com/products/rita-snow-vertical-blind,98.01,https://cdn.shopify.com/s/files/1/0729/6847/0563/files/RitaSnowVerticalBlind_1ef81a83-e893-41c5-82f9-4e5dacfed9ec.jpg?v=1771333105,Vertical Blinds
Rome Beige Vertical Blind,rome-beige-vertical-blind,https://orders.yournextblinds.com/products/rome-beige-vertical-blind,74.20,https://cdn.shopify.com/s/files/1/0729/6847/0563/files/ROMEBEIGE_1.jpg?v=1771333116,Vertical Blinds
Rome Caramel Vertical Blind,rome-caramel-vertical-blind,https://orders.yournextblinds.com/products/rome-caramel-vertical-blind,74.20,https://cdn.shopify.com/s/files/1/0729/6847/0563/files/RomeCaramelVerticalBlind_3083e57e-231a-4bcb-a019-8d18bccba30f.jpg?v=1771333128,Vertical Blinds
Rome Grey Vertical Blind,rome-grey-vertical-blind,https://orders.yournextblinds.com/products/rome-grey-vertical-blind,74.20,https://cdn.shopify.com/s/files/1/0729/6847/0563/files/RomeGreyVerticalBlind_8b47956a-c103-49a8-98b6-b2eae47c0e45.jpg?v=1771333140,Vertical Blinds
Rome Snow Vertical Blind,rome-snow-vertical-blind,https://orders.yournextblinds.com/products/rome-snow-vertical-blind,74.20,https://cdn.shopify.com/s/files/1/0729/6847/0563/files/RomeSnowVerticalBlind_8c4f1381-a834-4435-a38f-2dbfa92810b6.jpg?v=1771333154,Vertical Blinds
Stripe Black Vertical Blind,stripe-black-vertical-blind,https://orders.yournextblinds.com/products/stripe-black-vertical-blind,74.20,https://cdn.shopify.com/s/files/1/0729/6847/0563/files/STRIPEBLACK_1_1800x1800_2bf370c6-e886-434d-a7a9-01f2dbb5a587.jpg?v=1771333167,Vertical Blinds
Stripe Ivory Vertical Blind,stripe-ivory-vertical-blind,https://orders.yournextblinds.com/products/stripe-ivory-vertical-blind,74.20,https://cdn.shopify.com/s/files/1/0729/6847/0563/files/StripeIvoryVerticalBlind_c38e2c7c-63f4-4599-ac01-6b5df9526abc.jpg?v=1771333180,Vertical Blinds
Stripe White Vertical Blind,stripe-white-vertical-blind,https://orders.yournextblinds.com/products/stripe-white-vertical-blind,74.20,https://cdn.shopify.com/s/files/1/0729/6847/0563/files/StripeWhiteVerticalBlind_140d1b95-6423-41bd-8942-410d523b6038.jpg?v=1771333193,Vertical Blinds
Sunrise Brown Vertical Blind,sunrise-brown-vertical-blind,https://orders.yournextblinds.com/products/sunrise-brown-vertical-blind,89.66,https://cdn.shopify.com/s/files/1/0729/6847/0563/files/SunriseBrownVerticalBlind_d354d3a1-21fd-4e23-bba5-3e023a204bc6.jpg?v=1771333206,Vertical Blinds
Sunrise Cream Vertical Blind,sunrise-cream-vertical-blind,https://orders.yournextblinds.com/products/sunrise-cream-vertical-blind,89.66,https://cdn.shopify.com/s/files/1/0729/6847/0563/files/SunriseCreamVerticalBlind_e2876d32-56db-430a-94d4-b0ac54572a6a.jpg?v=1771333219,Vertical Blinds
Sunrise White Vertical Blind,sunrise-white-vertical-blind,https://orders.yournextblinds.com/products/sunrise-white-vertical-blind,89.66,https://cdn.shopify.com/s/files/1/0729/6847/0563/files/SunriseWhiteVerticalBlind_296590d2-ea2b-4d9f-973a-55c05e2f742a.jpg?v=1771333232,Vertical Blinds
Sweet Beige Vertical Blind,sweet-beige-vertical-blind,https://orders.yournextblinds.com/products/sweet-beige-vertical-blind,74.20,https://cdn.shopify.com/s/files/1/0729/6847/0563/files/SWEETBEIGE_1.jpg?v=1771333246,Vertical Blinds
Sweet Cream Vertical Blind,sweet-cream-vertical-blind,https://orders.yournextblinds.com/products/sweet-cream-vertical-blind,74.20,https://cdn.shopify.com/s/files/1/0729/6847/0563/files/SweetCreamVerticalBlind_50c9d062-08b8-4aa9-96a6-6cfef1299e10.jpg?v=1771333259,Vertical Blinds
Sweet Snow Vertical Blind,sweet-snow-vertical-blind,https://orders.yournextblinds.com/products/sweet-snow-vertical-blind,74.20,https://cdn.shopify.com/s/files/1/0729/6847/0563/files/SweetSnowVerticalBlind_bd351ad2-9afa-4ee3-99b8-b8ed5d4bec40.jpg?v=1771333272,Vertical Blinds
Sweet Toffee Vertical Blind,sweet-toffee-vertical-blind,https://orders.yournextblinds.com/products/sweet-toffee-vertical-blind,74.20,https://cdn.shopify.com/s/files/1/0729/6847/0563/files/SweetToffeeVerticalBlind_5961e2c3-eccb-4539-86a0-57d6a8a58e13.jpg?v=1771333287,Vertical Blinds
Symphony Black Out Black Vertical Blind,symphony-black-out-black-vertical-blind,https://orders.yournextblinds.com/products/symphony-black-out-black-vertical-blind,98.01,https://cdn.shopify.com/s/files/1/0729/6847/0563/files/SYMPHONYBLACKOUTBLACK_1_1800x1800_3c8af8df-8fc1-4865-ae97-0ff533c7739f.jpg?v=1771333300,Vertical Blinds
Symphony Black Out Cream Vertical Blind,symphony-black-out-cream-vertical-blind,https://orders.yournextblinds.com/products/symphony-black-out-cream-vertical-blind,98.01,https://cdn.shopify.com/s/files/1/0729/6847/0563/files/SymphonyBlackOutCreamVerticalBlind_d491f58e-f7b1-486b-88c5-7ab537c5438e.jpg?v=1771333313,Vertical Blinds
Symphony Black Out Grey Vertical Blind,symphony-black-out-grey-vertical-blind,https://orders.yournextblinds.com/products/symphony-black-out-grey-vertical-blind,98.01,https://cdn.shopify.com/s/files/1/0729/6847/0563/files/SymphonyBlackOutGreyVerticalBlind_f4e1b188-30bb-4276-84dd-52e42b42e49c.jpg?v=1771333328,Vertical Blinds
Symphony Black Out White Vertical Blind,symphony-black-out-white-vertical-blind,https://orders.yournextblinds.com/products/symphony-black-out-white-vertical-blind,98.01,https://cdn.shopify.com/s/files/1/0729/6847/0563/files/SymphonyBlackOutWhiteVerticalBlind_debd623f-55a9-4438-84e4-0eed7c76534e.jpg?v=1771333340,Vertical Blinds
Tango Apple - PVC Blackout Vertical Blind,tango-apple-pvc-blackout-vertical-blind,https://orders.yournextblinds.com/products/tango-apple-pvc-blackout-vertical-blind,98.01,https://cdn.shopify.com/s/files/1/0729/6847/0563/files/1_9055cbb4-ed8f-40b4-87af-b6406d57e1ec.jpg?v=1771333353,Vertical Blinds
Tango Cherry - PVC Blackout Waterproof Vertical Blind,tango-cherry-pvc-blackout-waterproof-vertical-blind,https://orders.yournextblinds.com/products/tango-cherry-pvc-blackout-waterproof-vertical-blind,98.01,https://cdn.shopify.com/s/files/1/0729/6847/0563/files/1_1d6e376c-05a4-4339-b756-497665836897.jpg?v=1771333364,Vertical Blinds
Tango Steel - PVC Blackout Waterproof Vertical Blind,tango-steel-pvc-blackout-waterproof-vertical-blind,https://orders.yournextblinds.com/products/tango-steel-pvc-blackout-waterproof-vertical-blind,98.01,https://cdn.shopify.com/s/files/1/0729/6847/0563/files/1_e182e352-045f-422a-99c3-1b72f7b8c910.jpg?v=1771333373,Vertical Blinds
"The Viral Honeycomb Complete Blackout Blinds – Insulating, Blockout Noise, Sleep Better",non-driii-honeycomb-blackout-blinds,https://orders.yournextblinds.com/products/non-driii-honeycomb-blackout-blinds,148.57,https://cdn.shopify.com/s/files/1/0729/6847/0563/files/front_3.png?v=1771333429,Pleated Blinds
Tokyo Black - Day and Night Blinds,tokyo-black-day-and-night-blinds,https://orders.yournextblinds.com/products/tokyo-black-day-and-night-blinds,128.00,https://cdn.shopify.com/s/files/1/0729/6847/0563/files/Tokyo-Black---Day-and-Night-Blinds1.jpg?v=1771333441,Day and Night Blinds
Tokyo Dusk - Day and Night Blinds,tokyo-dusk-day-and-night-blinds,https://orders.yournextblinds.com/products/tokyo-dusk-day-and-night-blinds,128.00,https://cdn.shopify.com/s/files/1/0729/6847/0563/files/Tokyo-Dusk---Day-and-Night-Blinds1.jpg?v=1771333450,Day and Night Blinds
Tokyo Grey - Day and Night Blinds,tokyo-grey-day-and-night-blinds,https://orders.yournextblinds.com/products/tokyo-grey-day-and-night-blinds,128.00,https://cdn.shopify.com/s/files/1/0729/6847/0563/files/Tokyo-Grey---Day-and-Night-Blinds1.jpg?v=1771333459,Day and Night Blinds
Tokyo Twilight - Day and Night Blinds,tokyo-twilight-day-and-night-blinds,https://orders.yournextblinds.com/products/tokyo-twilight-day-and-night-blinds,128.00,https://cdn.shopify.com/s/files/1/0729/6847/0563/files/Tokyo-Twilight-Motorised-Day-and-Night-Blind1.jpg?v=1771333467,Day and Night Blinds
Tokyo White - Day and Night Blinds,tokyo-white-day-and-night-blinds,https://orders.yournextblinds.com/products/tokyo-white-day-and-night-blinds,128.00,https://cdn.shopify.com/s/files/1/0729/6847/0563/files/Tokyo-White-Motorised-Day-and-Night-Blind1.jpg?v=1771333475,Day and Night Blinds
Unity Acorn Vertical Blind,unity-acorn-vertical-blind,https://orders.yournextblinds.com/products/unity-acorn-vertical-blind,89.66,https://cdn.shopify.com/s/files/1/0729/6847/0563/files/Unity-Acorn-Vertical-Blind1.jpg?v=1771333486,Vertical Blinds
Unity Apple Vertical Blind,unity-apple-vertical-blind,https://orders.yournextblinds.com/products/unity-apple-vertical-blind,89.66,https://cdn.shopify.com/s/files/1/0729/6847/0563/files/Unity-Apple-Vertical-Blind1.jpg?v=1771333500,Vertical Blinds
Unity Baby Pink Vertical Blind,unity-baby-pink-vertical-blind,https://orders.yournextblinds.com/products/unity-baby-pink-vertical-blind,89.66,https://cdn.shopify.com/s/files/1/0729/6847/0563/files/Unity-Baby-Pink-Vertical-Blind1.jpg?v=1771333514,Vertical Blinds
Unity Bamboo Vertical Blind,unity-bamboo-vertical-blind,https://orders.yournextblinds.com/products/unity-bamboo-vertical-blind,89.66,https://cdn.shopify.com/s/files/1/0729/6847/0563/files/Unity-Bamboo-Vertical-Blind1.jpg?v=1771333527,Vertical Blinds
Unity Black Vertical Blind,unity-black-vertical-blind,https://orders.yournextblinds.com/products/unity-black-vertical-blind,89.66,https://cdn.shopify.com/s/files/1/0729/6847/0563/files/Unity-Black-Vertical-Blind2.jpg?v=1771333540,Vertical Blinds
Unity Brick Vertical Blind,unity-brick-vertical-blind,https://orders.yournextblinds.com/products/unity-brick-vertical-blind,89.66,https://cdn.shopify.com/s/files/1/0729/6847/0563/files/Unity-Brick-Vertical-Blind1.jpg?v=1771333553,Vertical Blinds
Unity Champagne Vertical Blind,unity-champagne-vertical-blind,https://orders.yournextblinds.com/products/unity-champagne-vertical-blind,89.66,https://cdn.shopify.com/s/files/1/0729/6847/0563/files/Unity-Champagne-Vertical-Blind1.jpg?v=1771333566,Vertical Blinds
Unity Desert Vertical Blind,unity-desert-vertical-blind,https://orders.yournextblinds.com/products/unity-desert-vertical-blind,89.66,https://cdn.shopify.com/s/files/1/0729/6847/0563/files/Unity-Desert-Vertical-Blind1.jpg?v=1771333578,Vertical Blinds
Unity Ice Vertical Blind,unity-ice-vertical-blind,https://orders.yournextblinds.com/products/unity-ice-vertical-blind,89.66,https://cdn.shopify.com/s/files/1/0729/6847/0563/files/Unity-Ice-Vertical-Blind1.jpg?v=1771333591,Vertical Blinds
Unity Lime Vertical Blind,unity-lime-vertical-blind,https://orders.yournextblinds.com/products/unity-lime-vertical-blind,89.66,https://cdn.shopify.com/s/files/1/0729/6847/0563/files/Unity-Lime-Vertical-Blind1.jpg?v=1771333605,Vertical Blinds
Unity Oak Vertical Blind,unity-oak-vertical-blind,https://orders.yournextblinds.com/products/unity-oak-vertical-blind,89.66,https://cdn.shopify.com/s/files/1/0729/6847/0563/files/Unity-Oak-Vertical-Blind1.jpg?v=1771333614,Vertical Blinds
Unity Polaris Acorn Roller Blind,unity-polaris-acorn-roller-blind,https://orders.yournextblinds.com/products/unity-polaris-acorn-roller-blind,40.86,https://cdn.shopify.com/s/files/1/0729/6847/0563/files/UnityPolarisAcornRollerBlind.png?v=1771333624,Roller Blinds
Unity Polaris Apple Roller Blind,unity-polaris-apple-roller-blind,https://orders.yournextblinds.com/products/unity-polaris-apple-roller-blind,40.86,https://cdn.shopify.com/s/files/1/0729/6847/0563/files/Unity_Polaris_Apple_Roller_Blind.png?v=1771333635,Roller Blinds
Unity Polaris Baby Pink Roller Blind,unity-polaris-baby-pink-roller-blind,https://orders.yournextblinds.com/products/unity-polaris-baby-pink-roller-blind,40.86,https://cdn.shopify.com/s/files/1/0729/6847/0563/files/Baby_pink_3.jpg?v=1771333645,Roller Blinds
Unity Polaris Bamboo Roller Blind,unity-polaris-bamboo-roller-blind,https://orders.yournextblinds.com/products/unity-polaris-bamboo-roller-blind,40.86,https://cdn.shopify.com/s/files/1/0729/6847/0563/files/Bamboo_3.jpg?v=1771333653,Roller Blinds
Unity Polaris Black Roller Blind,unity-polaris-black-roller-blind,https://orders.yournextblinds.com/products/unity-polaris-black-roller-blind,40.86,https://cdn.shopify.com/s/files/1/0729/6847/0563/files/Black_3.jpg?v=1771333661,Roller Blinds
Unity Polaris Brick Roller Blind,unity-polaris-brick-roller-blind,https://orders.yournextblinds.com/products/unity-polaris-brick-roller-blind,40.86,https://cdn.shopify.com/s/files/1/0729/6847/0563/files/brick3.jpg?v=1771333669,Roller Blinds
Unity Polaris Champagne Roller Blind,unity-polaris-champagne-roller-blind,https://orders.yournextblinds.com/products/unity-polaris-champagne-roller-blind,40.86,https://cdn.shopify.com/s/files/1/0729/6847/0563/files/UnityPolarisChampagneRollerBlind_2_e75dbd5f-c745-411f-9de5-a70d7c62e438.png?v=1771333681,Roller Blinds
Unity Polaris Deep Roller Blind,unity-polaris-deep-roller-blind,https://orders.yournextblinds.com/products/unity-polaris-deep-roller-blind,40.86,https://cdn.shopify.com/s/files/1/0729/6847/0563/files/Deep_3.jpg?v=1771333691,Roller Blinds
Unity Polaris Desert Roller Blind,unity-polaris-desert-roller-blind,https://orders.yournextblinds.com/products/unity-polaris-desert-roller-blind,40.86,https://cdn.shopify.com/s/files/1/0729/6847/0563/files/Desert3.jpg?v=1771333699,Roller Blinds
Unity Polaris Fog Roller Blind,unity-polaris-fog-roller-blind,https://orders.yournextblinds.com/products/unity-polaris-fog-roller-blind,40.86,https://cdn.shopify.com/s/files/1/0729/6847/0563/files/UnityPolarisFogRollerBlind_1.png?v=1771333712,Roller Blinds
Unity Polaris Ice Roller Blind,unity-polaris-ice-roller-blind,https://orders.yournextblinds.com/products/unity-polaris-ice-roller-blind,40.86,https://cdn.shopify.com/s/files/1/0729/6847/0563/files/Ice_3.jpg?v=1771333722,Roller Blinds
Unity Polaris Lilac Roller Blind,unity-polaris-lilac-roller-blind,https://orders.yournextblinds.com/products/unity-polaris-lilac-roller-blind,40.86,https://cdn.shopify.com/s/files/1/0729/6847/0563/files/UnityPolarisLilacRollerBlind_2_18f55af5-3c6d-4f70-93d1-e5f839f51892.png?v=1771333731,Roller Blinds
Unity Polaris Lime Roller Blind,unity-polaris-lime-roller-blind,https://orders.yournextblinds.com/products/unity-polaris-lime-roller-blind,40.86,https://cdn.shopify.com/s/files/1/0729/6847/0563/files/UnityPolarisLimeRollerBlind_1_41a732eb-e6cf-4749-9a4d-c29bea5f02b5.png?v=1771333740,Roller Blinds
Unity Polaris Oak Roller Blind,unity-polaris-oak-roller-blind,https://orders.yournextblinds.com/products/unity-polaris-oak-roller-blind,40.86,https://cdn.shopify.com/s/files/1/0729/6847/0563/files/WhatsApp_Image_2025-09-21_at_1.13.28_AM.jpg?v=1771333749,Roller Blinds
Unity Polaris Pond Roller Blind,unity-polaris-pond-roller-blind,https://orders.yournextblinds.com/products/unity-polaris-pond-roller-blind,40.86,https://cdn.shopify.com/s/files/1/0729/6847/0563/files/Pond_3.jpg?v=1771333758,Roller Blinds
Unity Polaris Poppy Roller Blind,unity-polaris-poppy-roller-blind,https://orders.yournextblinds.com/products/unity-polaris-poppy-roller-blind,40.86,https://cdn.shopify.com/s/files/1/0729/6847/0563/files/Poppy_3.jpg?v=1771333765,Roller Blinds
Unity Polaris Pumpkin Roller Blind,unity-polaris-pumpkin-roller-blind,https://orders.yournextblinds.com/products/unity-polaris-pumpkin-roller-blind,40.86,https://cdn.shopify.com/s/files/1/0729/6847/0563/files/Pumpkin_3.jpg?v=1771333773,Roller Blinds
Unity Polaris Rasberry Roller Blind,unity-polaris-rasberry-roller-blind,https://orders.yournextblinds.com/products/unity-polaris-rasberry-roller-blind,40.86,https://cdn.shopify.com/s/files/1/0729/6847/0563/files/Raspberry_3.jpg?v=1771333781,Roller Blinds
Unity Polaris Rose Roller Blind,unity-polaris-rose-roller-blind,https://orders.yournextblinds.com/products/unity-polaris-rose-roller-blind,40.86,https://cdn.shopify.com/s/files/1/0729/6847/0563/files/Rose_3.jpg?v=1771333790,Roller Blinds
Unity Polaris Sand Roller Blind,unity-polaris-sand-roller-blind,https://orders.yournextblinds.com/products/unity-polaris-sand-roller-blind,40.86,https://cdn.shopify.com/s/files/1/0729/6847/0563/files/WhatsApp_Image_2025-09-21_at_1.13.54_AM_2_89c459ac-e352-46b9-8bd9-7e82e46cde52.jpg?v=1771333799,Roller Blinds
Unity Polaris Sky Roller Blind,unity-polaris-sky-roller-blind,https://orders.yournextblinds.com/products/unity-polaris-sky-roller-blind,40.86,https://cdn.shopify.com/s/files/1/0729/6847/0563/files/Sky_3.jpg?v=1771333807,Roller Blinds
Unity Polaris Steel Roller Blind,unity-polaris-steel-roller-blind,https://orders.yournextblinds.com/products/unity-polaris-steel-roller-blind,40.86,https://cdn.shopify.com/s/files/1/0729/6847/0563/files/Unity_Polaris_Steel_Roller_Blind_0fcc7d92-b0ea-4d7f-8c14-2756bff40edb.png?v=1771333817,Roller Blinds
Unity Polaris Stone Roller Blind,unity-polaris-stone-roller-blind,https://orders.yournextblinds.com/products/unity-polaris-stone-roller-blind,40.86,https://cdn.shopify.com/s/files/1/0729/6847/0563/files/Stone_3.jpg?v=1771333824,Roller Blinds
Unity Polaris Thunder Roller Blind,unity-polaris-thunder-roller-blind,https://orders.yournextblinds.com/products/unity-polaris-thunder-roller-blind,40.86,https://cdn.shopify.com/s/files/1/0729/6847/0563/files/Unity_Polaris_Thunder_Roller_Blind_373e65d7-dcdc-4bec-a4e1-9c08b2e74d30.png?v=1771333834,Roller Blinds
Unity Polaris Twilight Roller Blind,unity-polaris-twilight-roller-blind,https://orders.yournextblinds.com/products/unity-polaris-twilight-roller-blind,40.86,https://cdn.shopify.com/s/files/1/0729/6847/0563/files/Twilight_3.jpg?v=1771333842,Roller Blinds
Unity Polaris Willow Roller Blind,unity-polaris-willow-roller-blind,https://orders.yournextblinds.com/products/unity-polaris-willow-roller-blind,40.86,https://cdn.shopify.com/s/files/1/0729/6847/0563/files/Willow_3.jpg?v=1771333851,Roller Blinds
Unity Pond Vertical Blind,unity-pond-vertical-blind,https://orders.yournextblinds.com/products/unity-pond-vertical-blind,89.66,https://cdn.shopify.com/s/files/1/0729/6847/0563/files/Unity-Pond-Vertical-Blind1.jpg?v=1771333861,Vertical Blinds
Unity Poppy Vertical Blind,unity-poppy-vertical-blind,https://orders.yournextblinds.com/products/unity-poppy-vertical-blind,89.66,https://cdn.shopify.com/s/files/1/0729/6847/0563/files/Unity-Poppy-Vertical-Blind1.jpg?v=1771333874,Vertical Blinds
Unity Pumpkin Vertical Blind,unity-pumpkin-vertical-blind,https://orders.yournextblinds.com/products/unity-pumpkin-vertical-blind,89.66,https://cdn.shopify.com/s/files/1/0729/6847/0563/files/Unity-Pumpkin-Vertical-Blind1.jpg?v=1771333887,Vertical Blinds
Unity Rasberry Vertical Blind,unity-rasberry-vertical-blind,https://orders.yournextblinds.com/products/unity-rasberry-vertical-blind,89.66,https://cdn.shopify.com/s/files/1/0729/6847/0563/files/Unity-Rasberry-Vertical-Blind1.jpg?v=1771333900,Vertical Blinds
Unity Rose Vertical Blind,unity-rose-vertical-blind,https://orders.yournextblinds.com/products/unity-rose-vertical-blind,89.66,https://cdn.shopify.com/s/files/1/0729/6847/0563/files/Unity-Rose-Vertical-Blind1.jpg?v=1771333912,Vertical Blinds
Unity Sand Vertical Blind,unity-sand-vertical-blind,https://orders.yournextblinds.com/products/unity-sand-vertical-blind,89.66,https://cdn.shopify.com/s/files/1/0729/6847/0563/files/Unity-Sand-Vertical-Blind1.jpg?v=1771333924,Vertical Blinds
Unity Sky Vertical Blind,unity-sky-vertical-blind,https://orders.yournextblinds.com/products/unity-sky-vertical-blind,89.66,https://cdn.shopify.com/s/files/1/0729/6847/0563/files/Unity-Sky-Vertical-Blind1.jpg?v=1771333937,Vertical Blinds
Unity Steel Vertical Blind,unity-steel-vertical-blind,https://orders.yournextblinds.com/products/unity-steel-vertical-blind,89.66,https://cdn.shopify.com/s/files/1/0729/6847/0563/files/Unity-Steel-Vertical-Blind1.jpg?v=1771333949,Vertical Blinds
Unity Stone Vertical Blind,unity-stone-vertical-blind,https://orders.yournextblinds.com/products/unity-stone-vertical-blind,89.66,https://cdn.shopify.com/s/files/1/0729/6847/0563/files/Unity-Stone-Vertical-Blind1.jpg?v=1771333961,Vertical Blinds
Unity Thunder Vertical Blind,unity-thunder-vertical-blind,https://orders.yournextblinds.com/products/unity-thunder-vertical-blind,89.66,https://cdn.shopify.com/s/files/1/0729/6847/0563/files/Unity-Thunder-Vertical-Blind1.jpg?v=1771333975,Vertical Blinds
Unity Twilight Vertical Blind,unity-twilight-vertical-blind,https://orders.yournextblinds.com/products/unity-twilight-vertical-blind,89.66,https://cdn.shopify.com/s/files/1/0729/6847/0563/files/Unity-Twilight-Vertical-Blind1.jpg?v=1771333989,Vertical Blinds
Unity Willow Vertical Blind,unity-willow-vertical-blind,https://orders.yournextblinds.com/products/unity-willow-vertical-blind,89.66,https://cdn.shopify.com/s/files/1/0729/6847/0563/files/Unity-Willow-Vertical-Blind1.jpg?v=1771334001,Vertical Blinds
